LAB_SAMP_ID,SAMP_DATE,SAMP_TIME,SAMP_NAME_CODE,SAMP_TYPE,LAB_TEST_CODE,ANALYSIS_UNITS_CODE,RESULT_REPORTED,RESULT_FLAG,ANALYSIS_DATE,ANALYSIS_COMMENT,CUST_SAMP_IDENT,VERIFIED_DATETIME
130782,8-Apr-07,12:00:00 PM,PRW INTAKE [311],,TOC_5310C,MG/L,4.65,,,,POUDRE_INTAKE_LAB 200704081200,8-Apr-07
131189,8-May-07,8:10:00 AM,PRW INTAKE [311],,TOC_5310C,MG/L,7.98,,,,POUDRE_INTAKE_LAB 200705080810,8-May-07
131209,9-May-07,9:00:00 AM,PRW INTAKE [311],,TOC_5310C,MG/L,7.39,,,,POUDRE_INTAKE_LAB 200705090900,9-May-07
131227,10-May-07,8:00:00 AM,PRW INTAKE [311],,TOC_5310C,MG/L,7.28,,,,POUDRE_INTAKE_LAB 200705100800,10-May-07
131279,13-May-07,9:00:00 AM,PRW INTAKE [311],,TOC_5310C,MG/L,8.65,,,,POUDRE_INTAKE_LAB 200705130900,13-May-07
131292,14-May-07,9:00:00 AM,PRW INTAKE [311],,TOC_5310C,MG/L,9.08,,,,POUDRE_INTAKE_LAB 200705140900,14-May-07
131310,15-May-07,9:15:00 AM,PRW INTAKE [311],,TOC_5310C,MG/L,9.86,,,,POUDRE_INTAKE_LAB 200705150915,15-May-07
131347,16-May-07,9:15:00 AM,PRW INTAKE [311],,TOC_5310C,MG/L,8.96,,,,POUDRE_INTAKE_LAB 200705160915,16-May-07
131361,17-May-07,9:00:00 AM,PRW INTAKE [311],,TOC_5310C,MG/L,6.73,,,,POUDRE_INTAKE_LAB 200705170900,17-May-07
131373,18-May-07,9:00:00 AM,PRW INTAKE [311],,TOC_5310C,MG/L,8.96,,,,POUDRE_INTAKE_LAB 200705180900,18-May-07
131456,21-May-07,9:00:00 AM,PRW INTAKE [311],,TOC_5310C,MG/L,8.28,,,,POUDRE_INTAKE_LAB 200705210900,21-May-07
131471,22-May-07,9:00:00 AM,PRW INTAKE [311],,TOC_5310C,MG/L,8.68,,,,POUDRE_INTAKE_LAB 200705220900,22-May-07
131491,23-May-07,9:00:00 AM,PRW INTAKE [311],,TOC_5310C,MG/L,7.93,,,,POUDRE_INTAKE_LAB 200705230900,23-May-07
131513,24-May-07,9:00:00 AM,PRW INTAKE [311],,TOC_5310C,MG/L,7.21,,,,POUDRE_INTAKE_LAB 200705240900,24-May-07
131543,26-May-07,9:00:00 AM,PRW INTAKE [311],,TOC_5310C,MG/L,6.6,,,,POUDRE_INTAKE_LAB 200705260900,26-May-07
131557,27-May-07,9:00:00 AM,PRW INTAKE [311],,TOC_5310C,MG/L,7.31,,,,POUDRE_INTAKE_LAB 200705270900,27-May-07
131564,28-May-07,9:00:00 AM,PRW INTAKE [311],,TOC_5310C,MG/L,6.77,,,,POUDRE_INTAKE_LAB 200705280900,28-May-07
131583,29-May-07,9:00:00 AM,PRW INTAKE [311],,TOC_5310C,MG/L,7.76,,,,POUDRE_INTAKE_LAB 200705290900,29-May-07
131602,30-May-07,9:00:00 AM,PRW INTAKE [311],,TOC_5310C,MG/L,7.76,,,,POUDRE_INTAKE_LAB 200705300900,30-May-07
131679,4-Jun-07,9:00:00 AM,PRW INTAKE [311],,TOC_5310C,MG/L,7.65,,,,POUDRE_INTAKE_LAB 200706040900,4-Jun-07
131695,5-Jun-07,9:00:00 AM,PRW INTAKE [311],,TOC_5310C,MG/L,7.15,,,,POUDRE_INTAKE_LAB 200706050900,5-Jun-07
131735,8-Jun-07,9:00:00 AM,PRW INTAKE [311],,TOC_5310C,MG/L,7.02,,,,POUDRE_INTAKE_LAB 200706080900,8-Jun-07
131759,9-Jun-07,9:00:00 AM,PRW INTAKE [311],,TOC_5310C,MG/L,6.48,,,,POUDRE_INTAKE_LAB 200706090900,9-Jun-07
131772,10-Jun-07,9:00:00 AM,PRW INTAKE [311],,TOC_5310C,MG/L,6.2,,,,POUDRE_INTAKE_LAB 200706100900,10-Jun-07
131818,13-Jun-07,9:00:00 AM,PRW INTAKE [311],,TOC_5310C,MG/L,7.14,,,,POUDRE_INTAKE_LAB 200706130900,13-Jun-07
131896,18-Jun-07,9:00:00 AM,PRW INTAKE [311],,TOC_5310C,MG/L,6.36,,,,POUDRE_INTAKE_LAB 200706180900,18-Jun-07
131911,19-Jun-07,9:00:00 AM,PRW INTAKE [311],,TOC_5310C,MG/L,5.34,,,,POUDRE_INTAKE_LAB 200706190900,19-Jun-07
131924,20-Jun-07,9:00:00 AM,PRW INTAKE [311],,TOC_5310C,MG/L,5.63,,,,POUDRE_INTAKE_LAB 200706200900,20-Jun-07
131931,21-Jun-07,9:00:00 AM,PRW INTAKE [311],,TOC_5310C,MG/L,5.28,,,,POUDRE_INTAKE_LAB 200706210900,21-Jun-07
135809,9-Apr-08,11:15:00 AM,PRW INTAKE [311],,TOC_5310C,MG/L,2.37,,,,POUDRE_INTAKE_LAB 200804091115,9-Apr-08
135813,10-Apr-08,7:40:00 AM,PRW INTAKE [311],,TOC_5310C,MG/L,2.28,,,,POUDRE_INTAKE_LAB 200804100740,10-Apr-08
135932,18-Apr-08,11:30:00 AM,PRW INTAKE [311],,TOC_5310C,MG/L,2.36,,,,POUDRE_INTAKE_LAB 200804181130,18-Apr-08
135976,22-Apr-08,10:30:00 AM,PRW INTAKE [311],,TOC_5310C,MG/L,2.18,,,,POUDRE_INTAKE_LAB 200804221030,22-Apr-08
136017,25-Apr-08,7:50:00 AM,PRW INTAKE [311],,TOC_5310C,MG/L,2.62,,,,POUDRE_INTAKE_LAB 200804250750,25-Apr-08
136039,26-Apr-08,5:00:00 PM,PRW INTAKE [311],,TOC_5310C,MG/L,2.78,,,,POUDRE_INTAKE_LAB 200804261700,26-Apr-08
136052,27-Apr-08,3:55:00 PM,PRW INTAKE [311],,TOC_5310C,MG/L,2.88,,,,POUDRE_INTAKE_LAB 200804271555,27-Apr-08
136149,4-May-08,11:30:00 AM,PRW INTAKE [311],,TOC_5310C,MG/L,3.94,,,,POUDRE_INTAKE_LAB 200805041130,4-May-08
136181,6-May-08,2:30:00 PM,PRW INTAKE [311],,TOC_5310C,MG/L,4.08,,,,POUDRE_INTAKE_LAB 200805061430,6-May-08
136244,11-May-08,9:50:00 AM,PRW INTAKE [311],,TOC_5310C,MG/L,5.35,,,,POUDRE_INTAKE_LAB 200805110950,11-May-08
136285,13-May-08,10:45:00 AM,PRW INTAKE [311],,TOC_5310C,MG/L,5.22,,,,POUDRE_INTAKE_LAB 200805131045,13-May-08
136286,13-May-08,11:30:00 AM,PRW INTAKE [311],,TOC_5310C,MG/L,4.85,,,,POUDRE_INTAKE_LAB 200805131130,13-May-08
136294,14-May-08,7:32:00 AM,PRW INTAKE [311],,TOC_5310C,MG/L,5.31,,,,POUDRE_INTAKE_LAB 200805140732,14-May-08
136316,15-May-08,12:00:00 PM,PRW INTAKE [311],,TOC_5310C,MG/L,5.56,,,,POUDRE_INTAKE_LAB 200805151200,15-May-08
136331,16-May-08,11:00:00 AM,PRW INTAKE [311],,TOC_5310C,MG/L,5.42,,,,POUDRE_INTAKE_LAB 200805161100,16-May-08
136345,17-May-08,11:00:00 AM,PRW INTAKE [311],,TOC_5310C,MG/L,5.94,,,,POUDRE_INTAKE_LAB 200805171100,17-May-08
136358,18-May-08,11:00:00 AM,PRW INTAKE [311],,TOC_5310C,MG/L,6.12,,,,POUDRE_INTAKE_LAB 200805181100,18-May-08
136368,19-May-08,11:30:00 AM,PRW INTAKE [311],,TOC_5310C,MG/L,7.02,,,,POUDRE_INTAKE_LAB 200805191130,19-May-08
136433,23-May-08,10:00:00 AM,PRW INTAKE [311],,TOC_5310C,MG/L,10.8,,,,POUDRE_INTAKE_LAB 200805231000,23-May-08
136447,24-May-08,10:30:00 AM,PRW INTAKE [311],,TOC_5310C,MG/L,10.6,,,,POUDRE_INTAKE_LAB 200805241030,24-May-08
136467,25-May-08,10:00:00 AM,PRW INTAKE [311],,TOC_5310C,MG/L,10,,,,POUDRE_INTAKE_LAB 200805251000,25-May-08
136496,27-May-08,10:30:00 AM,PRW INTAKE [311],,TOC_5310C,MG/L,8.98,,,,POUDRE_INTAKE_LAB 200805271030,27-May-08
136527,29-May-08,3:50:00 PM,PRW INTAKE [311],,TOC_5310C,MG/L,9.26,,,,POUDRE_INTAKE_LAB 200805291550,29-May-08
136539,30-May-08,9:00:00 AM,PRW INTAKE [311],,TOC_5310C,MG/L,9.5,,,,POUDRE_INTAKE_LAB 200805300900,30-May-08
136555,31-May-08,9:00:00 AM,PRW INTAKE [311],,TOC_5310C,MG/L,9.66,,,,POUDRE_INTAKE_LAB 200805310900,31-May-08
136562,1-Jun-08,8:15:00 AM,PRW INTAKE [311],,TOC_5310C,MG/L,9.65,,,,POUDRE_INTAKE_LAB 200806010815,1-Jun-08
136577,2-Jun-08,8:15:00 AM,PRW INTAKE [311],,TOC_5310C,MG/L,9.66,,,,POUDRE_INTAKE_LAB 200806020815,2-Jun-08
136604,3-Jun-08,11:00:00 AM,PRW INTAKE [311],,TOC_5310C,MG/L,10.4,,,,POUDRE_INTAKE_LAB 200806031100,3-Jun-08
136613,4-Jun-08,8:39:00 AM,PRW INTAKE [311],,TOC_5310C,MG/L,9.46,,,,POUDRE_INTAKE_LAB 200806040839,4-Jun-08
136624,4-Jun-08,11:45:00 AM,PRW INTAKE [311],,TOC_5310C,MG/L,9.71,,,,POUDRE_INTAKE_LAB 200806041145,4-Jun-08
136638,5-Jun-08,11:00:00 AM,PRW INTAKE [311],,TOC_5310C,MG/L,9.37,,,,POUDRE_INTAKE_LAB 200806051100,5-Jun-08
136643,6-Jun-08,11:00:00 AM,PRW INTAKE [311],,TOC_5310C,MG/L,10,,,,POUDRE_INTAKE_LAB 200806061100,6-Jun-08
136654,7-Jun-08,7:00:00 AM,PRW INTAKE [311],,TOC_5310C,MG/L,10.2,,,,POUDRE_INTAKE_LAB 200806070700,7-Jun-08
136695,9-Jun-08,10:40:00 AM,PRW INTAKE [311],,TOC_5310C,MG/L,9.82,,,,POUDRE_INTAKE_LAB 200806091040,9-Jun-08
136740,12-Jun-08,10:00:00 AM,PRW INTAKE [311],,TOC_5310C,MG/L,7.05,,,,POUDRE_INTAKE_LAB 200806121000,12-Jun-08
136741,12-Jun-08,10:20:00 AM,PRW INTAKE [311],,TOC_5310C,MG/L,8.72,,,,POUDRE_INTAKE_LAB 200806121020,12-Jun-08
136771,14-Jun-08,9:15:00 AM,PRW INTAKE [311],,TOC_5310C,MG/L,8.36,,,,POUDRE_INTAKE_LAB 200806140915,14-Jun-08
136782,15-Jun-08,9:00:00 AM,PRW INTAKE [311],,TOC_5310C,MG/L,8.26,,,,POUDRE_INTAKE_LAB 200806150900,15-Jun-08
136810,17-Jun-08,10:35:00 AM,PRW INTAKE [311],,TOC_5310C,MG/L,8.06,,,,POUDRE_INTAKE_LAB 200806171035,17-Jun-08
136826,18-Jun-08,11:00:00 AM,PRW INTAKE [311],,TOC_5310C,MG/L,8,,,,POUDRE_INTAKE_LAB 200806181100,18-Jun-08
136833,19-Jun-08,9:00:00 AM,PRW INTAKE [311],,TOC_5310C,MG/L,8.14,,,,POUDRE_INTAKE_LAB 200806190900,19-Jun-08
136859,20-Jun-08,4:15:00 PM,PRW INTAKE [311],,TOC_5310C,MG/L,7.64,,,,POUDRE_INTAKE_LAB 200806201615,20-Jun-08
136876,21-Jun-08,1:15:00 PM,PRW INTAKE [311],,TOC_5310C,MG/L,7.8,,,,POUDRE_INTAKE_LAB 200806211315,21-Jun-08
136896,22-Jun-08,12:15:00 PM,PRW INTAKE [311],,TOC_5310C,MG/L,7.44,,,,POUDRE_INTAKE_LAB 200806221215,22-Jun-08
136917,23-Jun-08,11:00:00 AM,PRW INTAKE [311],,TOC_5310C,MG/L,7.25,,,,POUDRE_INTAKE_LAB 200806231100,23-Jun-08
136968,26-Jun-08,10:00:00 AM,PRW INTAKE [311],,TOC_5310C,MG/L,5.91,,,,POUDRE_INTAKE_LAB 200806261000,26-Jun-08
138233,28-Oct-08,1:24:00 PM,PRW INTAKE [311],,TOC_5310C,MG/L,2.05,,,,POUDRE_INTAKE_LAB 200810281324,28-Oct-08
141438,10-Apr-09,1:30:00 PM,PRW INTAKE [311],Grab,TOC_5310C,MG/L,1.84,,,,,6-May-09
141439,11-Apr-09,1:30:00 PM,PRW INTAKE [311],Grab,TOC_5310C,MG/L,1.82,,,,,6-May-09
141604,26-Apr-09,2:30:00 PM,PRW INTAKE [311],Grab,TOC_5310C,MG/L,5.42,,,,,6-May-09
141810,8-May-09,12:10:00 PM,PRW INTAKE [311],Grab,TOC_5310C,MG/L,7.22,,,,,18-May-09
141811,10-May-09,11:25:00 AM,PRW INTAKE [311],Grab,TOC_5310C,MG/L,8.12,,,,,18-May-09
141934,14-May-09,6:45:00 PM,PRW INTAKE [311],Grab,TOC_5310C,MG/L,8.14,,,,,21-May-09
142218,23-May-09,2:50:00 PM,PRW INTAKE [311],Grab,TOC_5310C,MG/L,8.22,,,,,13-Jul-09
142219,24-May-09,5:50:00 PM,PRW INTAKE [311],Grab,TOC_5310C,MG/L,8.46,,,,,13-Jul-09
142217,1-Jun-09,10:55:00 AM,PRW INTAKE [311],Grab,TOC_5310C,MG/L,7.64,,,,,22-Jun-09
142327,5-Jun-09,5:00:00 PM,PRW INTAKE [311],Grab,TOC_5310C,MG/L,7.76,,,,,22-Jun-09
142328,7-Jun-09,10:20:00 AM,PRW INTAKE [311],Grab,TOC_5310C,MG/L,7.35,,,,,22-Jun-09
142632,25-Jun-09,11:00:00 AM,PRW INTAKE [311],Grab,TOC_5310C,MG/L,5.62,,,,,30-Jun-09
146473,4-Jun-10,11:05:00 AM,PRW INTAKE [311],Grab,TOC_5310C,MG/L,10.1,,,,,16-Jun-10
146474,5-Jun-10,8:40:00 AM,PRW INTAKE [311],Grab,TOC_5310C,MG/L,10,,,,,16-Jun-10
155408,28-Jun-12,10:00:00 AM,PRW INTAKE [311],Grab,TOC_5310C,MG/L,3.08,,,,,
155465,2-Jul-12,1:15:00 PM,PRW INTAKE [311],Grab,TOC_5310C,MG/L,2.86,,,,,2-Aug-12
155844,30-Jul-12,1:00:00 PM,PRW INTAKE [311],Grab,TOC_5310C,MG/L,11,,,,,13-Aug-12
155853,31-Jul-12,1:55:00 PM,PRW INTAKE [311],Grab,TOC_5310C,MG/L,4.58,,,,,13-Aug-12
155867,1-Aug-12,1:30:00 PM,PRW INTAKE [311],Grab,TOC_5310C,MG/L,4.88,,,,,22-Aug-12
155890,2-Aug-12,1:10:00 PM,PRW INTAKE [311],Grab,TOC_5310C,MG/L,7.87,,,,,22-Aug-12
155906,3-Aug-12,8:30:00 AM,PRW INTAKE [311],Grab,TOC_5310C,MG/L,3.86,,,,,22-Aug-12
155940,6-Aug-12,2:00:00 PM,PRW INTAKE [311],Grab,TOC_5310C,MG/L,3.33,,,,,22-Aug-12
155957,7-Aug-12,11:30:00 AM,PRW INTAKE [311],Grab,TOC_5310C,MG/L,3.79,,,,,22-Aug-12
155974,8-Aug-12,9:30:00 AM,PRW INTAKE [311],Grab,TOC_5310C,MG/L,3.34,,,,,23-Aug-12
155979,9-Aug-12,1:00:00 PM,PRW INTAKE [311],Grab,TOC_5310C,MG/L,3.32,,,,,23-Aug-12
155993,10-Aug-12,8:30:00 AM,PRW INTAKE [311],Grab,TOC_5310C,MG/L,3.37,,,,,23-Aug-12
156184,13-Aug-12,11:30:00 AM,PRW INTAKE [311],Grab,TOC_5310C,MG/L,3.14,,,,,23-Aug-12
156072,14-Aug-12,10:44:00 AM,PRW INTAKE [311],Grab,TOC_5310C,MG/L,3.03,,,,,23-Aug-12
156085,15-Aug-12,1:00:00 PM,PRW INTAKE [311],Grab,TOC_5310C,MG/L,3,,,,,23-Aug-12
156091,16-Aug-12,7:54:00 AM,PRW INTAKE [311],Grab,TOC_5310C,MG/L,2.95,,,,,23-Aug-12
156104,17-Aug-12,8:04:00 AM,PRW INTAKE [311],Grab,TOC_5310C,MG/L,3.2,,,,,23-Aug-12
156144,20-Aug-12,8:30:00 AM,PRW INTAKE [311],Grab,TOC_5310C,MG/L,3.1,,,,,23-Aug-12
156160,21-Aug-12,9:30:00 AM,PRW INTAKE [311],Grab,TOC_5310C,MG/L,3.16,,,,,23-Aug-12
156176,22-Aug-12,8:10:00 AM,PRW INTAKE [311],Grab,TOC_5310C,MG/L,3.12,,,,,8-Oct-12
156196,23-Aug-12,9:12:00 AM,PRW INTAKE [311],Grab,TOC_5310C,MG/L,3.06,,,,,8-Oct-12
156199,24-Aug-12,8:15:00 AM,PRW INTAKE [311],Grab,TOC_5310C,MG/L,2.91,,,,,8-Oct-12
156259,27-Aug-12,1:50:00 PM,PRW INTAKE [311],Grab,TOC_5310C,MG/L,2.78,,,,,8-Oct-12
156273,28-Aug-12,7:25:00 AM,PRW INTAKE [311],Grab,TOC_5310C,MG/L,2.79,,,,,8-Oct-12
156278,29-Aug-12,9:13:00 AM,PRW INTAKE [311],Grab,TOC_5310C,MG/L,2.89,,,,,9-Oct-12
156316,30-Aug-12,8:09:00 AM,PRW INTAKE [311],Grab,TOC_5310C,MG/L,2.64,,,,,9-Oct-12
156798,31-Aug-12,12:00:00 PM,PRW INTAKE [311],Grab,TOC_5310C,MG/L,2.54,,,,,9-Oct-12
156361,4-Sep-12,8:27:00 AM,PRW INTAKE [311],Grab,TOC_5310C,MG/L,3.06,,,,,11-Oct-12
156380,5-Sep-12,7:27:00 AM,PRW INTAKE [311],Grab,TOC_5310C,MG/L,3.04,,,,,11-Oct-12
156398,6-Sep-12,6:34:00 AM,PRW INTAKE [311],Grab,TOC_5310C,MG/L,2.92,,,,,11-Oct-12
156399,7-Sep-12,8:30:00 AM,PRW INTAKE [311],Grab,TOC_5310C,MG/L,2.86,,,,,11-Oct-12
156454,10-Sep-12,8:33:00 AM,PRW INTAKE [311],Grab,TOC_5310C,MG/L,2.75,,,,,11-Oct-12
156463,11-Sep-12,9:00:00 AM,PRW INTAKE [311],Grab,TOC_5310C,MG/L,2.62,,,,,11-Oct-12
156647,14-Sep-12,8:25:00 AM,PRW INTAKE [311],Grab,TOC_5310C,MG/L,2.18,,,,,11-Oct-12
156650,17-Sep-12,11:55:00 AM,PRW INTAKE [311],Grab,TOC_5310C,MG/L,2.66,,,,,25-Oct-12
159284,22-Apr-13,1:00:00 PM,PRW INTAKE [311],Grab,TOC_5310C,MG/L,2.66,,,,,
159283,23-Apr-13,9:00:00 AM,PRW INTAKE [311],Grab,TOC_5310C,MG/L,2.9,,,,,
159304,24-Apr-13,9:00:00 AM,PRW INTAKE [311],Grab,TOC_5310C,MG/L,2.73,,,,,
159328,25-Apr-13,9:17:00 AM,PRW INTAKE [311],Grab,TOC_5310C,MG/L,3.08,,,,,
159404,29-Apr-13,9:19:00 AM,PRW INTAKE [311],Grab,TOC_5310C,MG/L,8.26,,,,,
159419,30-Apr-13,8:05:00 AM,PRW INTAKE [311],Grab,TOC_5310C,MG/L,7.98,,,,,
159421,1-May-13,8:00:00 AM,PRW INTAKE [311],Grab,TOC_5310C,MG/L,6.71,,,,,
159441,2-May-13,11:00:00 AM,PRW INTAKE [311],Grab,TOC_5310C,MG/L,5.51,,,,,
159454,3-May-13,2:10:00 PM,PRW INTAKE [311],Grab,TOC_5310C,MG/L,5.86,,,,,
159465,4-May-13,2:00:00 PM,PRW INTAKE [311],Grab,TOC_5310C,MG/L,6.32,,,,,
159476,5-May-13,11:15:00 AM,PRW INTAKE [311],Grab,TOC_5310C,MG/L,7.36,,,,,
159497,6-May-13,12:20:00 PM,PRW INTAKE [311],Grab,TOC_5310C,MG/L,6.96,,,,,
159506,7-May-13,1:30:00 PM,PRW INTAKE [311],Grab,TOC_5310C,MG/L,8.4,,,,,
159517,8-May-13,2:30:00 PM,PRW INTAKE [311],Grab,TOC_5310C,MG/L,8.94,,,,,
159582,9-May-13,4:00:00 PM,PRW INTAKE [311],Grab,TOC_5310C,MG/L,8.07,,,,,
159581,10-May-13,12:10:00 PM,PRW INTAKE [311],Grab,TOC_5310C,MG/L,9.6,,,,,
159583,11-May-13,3:15:00 PM,PRW INTAKE [311],Grab,TOC_5310C,MG/L,8.3,,,,,
159584,12-May-13,1:00:00 PM,PRW INTAKE [311],Grab,TOC_5310C,MG/L,8.52,,,,,
159580,13-May-13,7:50:00 AM,PRW INTAKE [311],Grab,TOC_5310C,MG/L,9.56,,,,,
159598,14-May-13,11:15:00 AM,PRW INTAKE [311],Grab,TOC_5310C,MG/L,9.06,,,,,
159625,16-May-13,11:39:00 AM,PRW INTAKE [311],Grab,TOC_5310C,MG/L,12.4,,,,,
159638,17-May-13,4:25:00 PM,PRW INTAKE [311],Grab,TOC_5310C,MG/L,11.1,,,,,
159651,18-May-13,11:55:00 AM,PRW INTAKE [311],Grab,TOC_5310C,MG/L,11.8,,,,,
159657,19-May-13,8:00:00 PM,PRW INTAKE [311],Grab,TOC_5310C,MG/L,11.6,,,,,
159662,19-May-13,9:42:00 AM,PRW INTAKE [311],Grab,TOC_5310C,MG/L,11.6,,,,,
159672,20-May-13,11:00:00 AM,PRW INTAKE [311],Grab,TOC_5310C,MG/L,10.8,,,,,
159696,21-May-13,11:00:00 AM,PRW INTAKE [311],Grab,TOC_5310C,MG/L,10.3,,,,,
159706,22-May-13,10:05:00 AM,PRW INTAKE [311],Grab,TOC_5310C,MG/L,10.3,,,,,
159717,23-May-13,8:25:00 AM,PRW INTAKE [311],Grab,TOC_5310C,MG/L,9.87,,,,,
159767,27-May-13,4:30:00 PM,PRW INTAKE [311],Grab,TOC_5310C,MG/L,10.3,,,,,
159787,28-May-13,10:00:00 AM,PRW INTAKE [311],Grab,TOC_5310C,MG/L,10.2,,,,,
159805,29-May-13,11:55:00 AM,PRW INTAKE [311],Grab,TOC_5310C,MG/L,9.66,,,,,
159828,30-May-13,9:10:00 AM,PRW INTAKE [311],Grab,TOC_5310C,MG/L,8.76,,,,,
159865,1-Jun-13,12:45:00 PM,PRW INTAKE [311],Grab,TOC_5310C,MG/L,8.07,,,,,
159879,2-Jun-13,11:25:00 AM,PRW INTAKE [311],Grab,TOC_5310C,MG/L,7.62,,,,,
159917,3-Jun-13,11:00:00 AM,PRW INTAKE [311],Grab,TOC_5310C,MG/L,8.72,,,,,
159937,4-Jun-13,1:05:00 PM,PRW INTAKE [311],Grab,TOC_5310C,MG/L,9.45,,,,,
159959,5-Jun-13,3:20:00 PM,PRW INTAKE [311],Grab,TOC_5310C,MG/L,8.75,,,,,
159975,6-Jun-13,8:45:00 AM,PRW INTAKE [311],Grab,TOC_5310C,MG/L,9.09,,,,,
160041,10-Jun-13,9:23:00 AM,PRW INTAKE [311],Grab,TOC_5310C,MG/L,8.59,,,,,
160060,10-Jun-13,9:23:00 AM,PRW INTAKE [311],Grab,TOC_5310C,MG/L,8.59,,,,,
160095,11-Jun-13,8:45:00 AM,PRW INTAKE [311],Grab,TOC_5310C,MG/L,7.5,,,,,
160123,12-Jun-13,10:30:00 AM,PRW INTAKE [311],Grab,TOC_5310C,MG/L,9.28,,,,,
160145,13-Jun-13,10:45:00 AM,PRW INTAKE [311],Grab,TOC_5310C,MG/L,7.44,,,,,
160160,14-Jun-13,2:45:00 PM,PRW INTAKE [311],Grab,TOC_5310C,MG/L,6.79,,,,,
160243,15-Jun-13,2:00:00 PM,PRW INTAKE [311],Grab,TOC_5310C,MG/L,6.06,,,,,
160180,16-Jun-13,8:49:00 AM,PRW INTAKE [311],Grab,TOC_5310C,MG/L,5.85,,,,,
160210,17-Jun-13,12:30:00 PM,PRW INTAKE [311],Grab,TOC_5310C,MG/L,5.5,,,,,
160248,18-Jun-13,9:30:00 AM,PRW INTAKE [311],Grab,TOC_5310C,MG/L,5.7,,,,,
160271,19-Jun-13,9:00:00 AM,PRW INTAKE [311],Grab,TOC_5310C,MG/L,5.27,,,,,
160307,20-Jun-13,9:30:00 AM,PRW INTAKE [311],Grab,TOC_5310C,MG/L,5.22,,,,,
160336,21-Jun-13,11:50:00 AM,PRW INTAKE [311],Grab,TOC_5310C,MG/L,4.9,,,,,
160385,22-Jun-13,8:57:00 AM,PRW INTAKE [311],Grab,TOC_5310C,MG/L,4.76,,,,,
160387,23-Jun-13,3:10:00 PM,PRW INTAKE [311],Grab,TOC_5310C,MG/L,4.64,,,,,
160388,24-Jun-13,8:57:00 AM,PRW INTAKE [311],Grab,TOC_5310C,MG/L,4.54,,,,,
160427,25-Jun-13,8:45:00 AM,PRW INTAKE [311],Grab,TOC_5310C,MG/L,4.29,,,,,
160478,26-Jun-13,2:30:00 PM,PRW INTAKE [311],Grab,TOC_5310C,MG/L,4.26,,,,,
160479,27-Jun-13,1:35:00 PM,PRW INTAKE [311],Grab,TOC_5310C,MG/L,3.78,,,,,
160501,28-Jun-13,7:55:00 AM,PRW INTAKE [311],Grab,TOC_5310C,MG/L,3.78,,,,,
160514,29-Jun-13,1:40:00 AM,PRW INTAKE [311],Grab,TOC_5310C,MG/L,3.72,,,,,
160544,30-Jun-13,9:12:00 AM,PRW INTAKE [311],Grab,TOC_5310C,MG/L,3.62,,,,,
160941,23-Jul-13,9:00:00 AM,PRW INTAKE [311],Grab,TOC_5310C,MG/L,5.85,,,,,
161844,19-Sep-13,1:00:00 PM,PRW INTAKE [311],Grab,TOC_5310C,MG/L,10.8,,,,,
161870,21-Sep-13,10:30:00 AM,PRW INTAKE [311],Grab,TOC_5310C,MG/L,10,,,,,
161921,24-Sep-13,10:35:00 AM,PRW INTAKE [311],Grab,TOC_5310C,MG/L,8.9,,,,,
161948,26-Sep-13,8:56:00 AM,PRW INTAKE [311],Grab,TOC_5310C,MG/L,4.31,,,,,
161947,26-Sep-13,9:30:00 AM,PRW INTAKE [311],Grab,TOC_5310C,MG/L,7.98,,,,,
162003,30-Sep-13,8:45:00 AM,PRW INTAKE [311],Grab,TOC_5310C,MG/L,6.43,,,,,
164979,28-Apr-14,10:02:00 AM,PRW INTAKE [311],Grab,TOC_5310C,MG/L,8.64,,,,,14-Jul-14
165001,29-Apr-14,8:35:00 AM,PRW INTAKE [311],Grab,TOC_5310C,MG/L,8.6,,,,,14-Jul-14
165025,30-Apr-14,11:15:00 AM,PRW INTAKE [311],Grab,TOC_5310C,MG/L,7.62,,,,,14-Jul-14
165044,1-May-14,10:00:00 AM,PRW INTAKE [311],Grab,TOC_5310C,MG/L,7.21,,,,,14-Jul-14
165063,2-May-14,7:45:00 AM,PRW INTAKE [311],Grab,TOC_5310C,MG/L,7.08,,,,,14-Jul-14
165081,3-May-14,8:01:00 AM,PRW INTAKE [311],Grab,TOC_5310C,MG/L,7,,,,,14-Jul-14
165103,4-May-14,8:30:00 AM,PRW INTAKE [311],Grab,TOC_5310C,MG/L,7.2,,,,,14-Jul-14
165129,5-May-14,10:50:00 AM,PRW INTAKE [311],Grab,TOC_5310C,MG/L,9.01,,,,,14-Jul-14
165156,6-May-14,9:55:00 AM,PRW INTAKE [311],Grab,TOC_5310C,MG/L,9.08,,,,,14-Jul-14
165175,7-May-14,9:50:00 AM,PRW INTAKE [311],Grab,TOC_5310C,MG/L,9.94,,,,,14-Jul-14
166070,8-May-14,8:45:00 AM,PRW INTAKE [311],Grab,TOC_5310C,MG/L,10.4,,,,,14-Jul-14
165215,9-May-14,10:45:00 AM,PRW INTAKE [311],Grab,TOC_5310C,MG/L,9.36,,,,,14-Jul-14
165254,10-May-14,11:00:00 AM,PRW INTAKE [311],Grab,TOC_5310C,MG/L,8.2,,,,,14-Jul-14
165255,11-May-14,9:00:00 AM,PRW INTAKE [311],Grab,TOC_5310C,MG/L,7.96,,,,,14-Jul-14
165272,12-May-14,9:30:00 AM,PRW INTAKE [311],Grab,TOC_5310C,MG/L,8.14,,,,,14-Jul-14
165291,13-May-14,8:15:00 AM,PRW INTAKE [311],Grab,TOC_5310C,MG/L,8.07,,,,,14-Jul-14
165498,14-May-14,8:30:00 AM,PRW INTAKE [311],Grab,TOC_5310C,MG/L,6.82,,,,,14-Jul-14
165335,15-May-14,8:05:00 AM,PRW INTAKE [311],Grab,TOC_5310C,MG/L,7.8,,,,,14-Jul-14
165357,16-May-14,9:45:00 AM,PRW INTAKE [311],Grab,TOC_5310C,MG/L,7.36,,,,,14-Jul-14
165378,17-May-14,8:20:00 AM,PRW INTAKE [311],Grab,TOC_5310C,MG/L,7.5,,,,,14-Jul-14
165388,18-May-14,8:40:00 AM,PRW INTAKE [311],Grab,TOC_5310C,MG/L,8.46,,,,,14-Jul-14
165430,19-May-14,10:15:00 AM,PRW INTAKE [311],Grab,TOC_5310C,MG/L,10.4,,,,,14-Jul-14
165452,20-May-14,8:45:00 AM,PRW INTAKE [311],Grab,TOC_5310C,MG/L,10.4,,,,,14-Jul-14
165471,21-May-14,7:50:00 AM,PRW INTAKE [311],Grab,TOC_5310C,MG/L,11.5,,,,,14-Jul-14
165483,22-May-14,8:30:00 AM,PRW INTAKE [311],Grab,TOC_5310C,MG/L,12.7,,,,,14-Jul-14
165510,23-May-14,8:00:00 AM,PRW INTAKE [311],Grab,TOC_5310C,MG/L,12.6,,,,,14-Jul-14
165565,24-May-14,8:30:00 AM,PRW INTAKE [311],Grab,TOC_5310C,MG/L,11.6,,,,,14-Jul-14
165566,25-May-14,8:30:00 AM,PRW INTAKE [311],Grab,TOC_5310C,MG/L,12.4,,,,,14-Jul-14
165553,26-May-14,2:04:00 PM,PRW INTAKE [311],Grab,TOC_5310C,MG/L,12.8,,,,,14-Jul-14
165590,27-May-14,12:00:00 PM,PRW INTAKE [311],Grab,TOC_5310C,MG/L,11.3,,,,,14-Jul-14
165612,28-May-14,10:45:00 AM,PRW INTAKE [311],Grab,TOC_5310C,MG/L,11.8,,,,,14-Jul-14
165634,29-May-14,9:45:00 AM,PRW INTAKE [311],Grab,TOC_5310C,MG/L,13,,,,,14-Jul-14
165657,30-May-14,1:15:00 PM,PRW INTAKE [311],Grab,TOC_5310C,MG/L,12.6,,,,,14-Jul-14
165676,31-May-14,5:15:00 PM,PRW INTAKE [311],Grab,TOC_5310C,MG/L,11.8,,,,,14-Jul-14
165698,1-Jun-14,11:00:00 AM,PRW INTAKE [311],Grab,TOC_5310C,MG/L,10.6,,,,,14-Jul-14
165720,2-Jun-14,10:30:00 AM,PRW INTAKE [311],Grab,TOC_5310C,MG/L,10.6,,,,,14-Jul-14
165749,3-Jun-14,8:45:00 AM,PRW INTAKE [311],Grab,TOC_5310C,MG/L,10.8,,,,,14-Jul-14
165764,4-Jun-14,7:50:00 AM,PRW INTAKE [311],Grab,TOC_5310C,MG/L,10.2,,,,,14-Jul-14
165797,5-Jun-14,10:00:00 AM,PRW INTAKE [311],Grab,TOC_5310C,MG/L,9.98,,,,,14-Jul-14
165826,6-Jun-14,9:00:00 AM,PRW INTAKE [311],Grab,TOC_5310C,MG/L,10.2,,,,,14-Jul-14
165848,7-Jun-14,10:10:00 AM,PRW INTAKE [311],Grab,TOC_5310C,MG/L,9.5,,,,,14-Jul-14
165870,8-Jun-14,10:25:00 AM,PRW INTAKE [311],Grab,TOC_5310C,MG/L,9.41,,,,,14-Jul-14
165896,9-Jun-14,11:00:00 AM,PRW INTAKE [311],Grab,TOC_5310C,MG/L,9.06,,,,,14-Jul-14
165914,10-Jun-14,8:20:00 AM,PRW INTAKE [311],Grab,TOC_5310C,MG/L,8.88,,,,,14-Jul-14
165938,11-Jun-14,9:00:00 AM,PRW INTAKE [311],Grab,TOC_5310C,MG/L,8.7,,,,,14-Jul-14
165954,12-Jun-14,10:30:00 AM,PRW INTAKE [311],Grab,TOC_5310C,MG/L,8.71,,,,,14-Jul-14
165971,13-Jun-14,10:25:00 AM,PRW INTAKE [311],Grab,TOC_5310C,MG/L,8.32,,,,,14-Jul-14
165997,14-Jun-14,10:30:00 AM,PRW INTAKE [311],Grab,TOC_5310C,MG/L,8.4,,,,,14-Jul-14
166018,15-Jun-14,10:30:00 AM,PRW INTAKE [311],Grab,TOC_5310C,MG/L,8.18,,,,,14-Jul-14
166044,16-Jun-14,10:00:00 AM,PRW INTAKE [311],Grab,TOC_5310C,MG/L,7.68,,,,,14-Jul-14
166108,18-Jun-14,1:30:00 PM,PRW INTAKE [311],Grab,TOC_5310C,MG/L,7.76,,,,,14-Jul-14
166162,19-Jun-14,2:06:00 PM,PRW INTAKE [311],Grab,TOC_5310C,MG/L,7.94,,,,,14-Jul-14
166163,20-Jun-14,9:55:00 AM,PRW INTAKE [311],Grab,TOC_5310C,MG/L,7.39,,,,,14-Jul-14
166205,21-Jun-14,9:10:00 AM,PRW INTAKE [311],Grab,TOC_5310C,MG/L,7.28,,,,,14-Jul-14
166206,22-Jun-14,9:00:00 AM,PRW INTAKE [311],Grab,TOC_5310C,MG/L,7.13,,,,,14-Jul-14
166224,23-Jun-14,12:12:00 PM,PRW INTAKE [311],Grab,TOC_5310C,MG/L,6.92,,,,,14-Jul-14
166244,24-Jun-14,9:55:00 AM,PRW INTAKE [311],Grab,TOC_5310C,MG/L,7.1,,,,,14-Jul-14
166266,25-Jun-14,10:00:00 AM,PRW INTAKE [311],Grab,TOC_5310C,MG/L,6.4,,,,,14-Jul-14
166285,26-Jun-14,11:20:00 AM,PRW INTAKE [311],Grab,TOC_5310C,MG/L,6.5,,,,,14-Jul-14
166307,27-Jun-14,9:35:00 AM,PRW INTAKE [311],Grab,TOC_5310C,MG/L,6.43,,,,,14-Jul-14
166328,28-Jun-14,5:15:00 PM,PRW INTAKE [311],Grab,TOC_5310C,MG/L,6.1,,,,,14-Jul-14
166353,29-Jun-14,11:40:00 AM,PRW INTAKE [311],Grab,TOC_5310C,MG/L,6.09,,,,,14-Jul-14
166376,30-Jun-14,9:30:00 AM,PRW INTAKE [311],Grab,TOC_5310C,MG/L,6,,,,,14-Jul-14
170994,20-Apr-15,11:25:00 AM,PRW INTAKE [311],Grab,TOC_5310C,MG/L,5.64,,,,,29-Apr-15
171020,21-Apr-15,9:42:00 AM,PRW INTAKE [311],Grab,TOC_5310C,MG/L,5.92,,,,,29-Apr-15
171041,22-Apr-15,10:15:00 AM,PRW INTAKE [311],Grab,TOC_5310C,MG/L,7.35,,,,,5-May-15
171062,23-Apr-15,9:30:00 AM,PRW INTAKE [311],Grab,TOC_5310C,MG/L,7.32,,,,,5-May-15
171082,24-Apr-15,10:33:00 AM,PRW INTAKE [311],Grab,TOC_5310C,MG/L,7.86,,,,,21-May-15
171095,25-Apr-15,11:40:00 AM,PRW INTAKE [311],Grab,TOC_5310C,MG/L,7.78,,,,,21-May-15
171123,26-Apr-15,9:00:00 AM,PRW INTAKE [311],Grab,TOC_5310C,MG/L,7.84,,,,,21-May-15
171144,27-Apr-15,11:15:00 AM,PRW INTAKE [311],Grab,TOC_5310C,MG/L,9.01,,,,,21-May-15
171181,28-Apr-15,12:00:00 PM,PRW INTAKE [311],Grab,TOC_5310C,MG/L,8.54,,,,,21-May-15
171203,29-Apr-15,11:15:00 AM,PRW INTAKE [311],Grab,TOC_5310C,MG/L,8.58,,,,,21-May-15
171229,30-Apr-15,9:30:00 AM,PRW INTAKE [311],Grab,TOC_5310C,MG/L,8.91,,,,,21-May-15
171308,1-May-15,4:12:00 PM,PRW INTAKE [311],Grab,TOC_5310C,MG/L,8.75,,,,,21-May-15
171310,2-May-15,9:15:00 AM,PRW INTAKE [311],Grab,TOC_5310C,MG/L,9.34,,,,,21-May-15
171311,3-May-15,10:00:00 AM,PRW INTAKE [311],Grab,TOC_5310C,MG/L,9.76,,,,,1-Jun-15
171296,4-May-15,8:55:00 AM,PRW INTAKE [311],Grab,TOC_5310C,MG/L,9.82,,,,,1-Jun-15
171335,5-May-15,10:27:00 AM,PRW INTAKE [311],Grab,TOC_5310C,MG/L,10.6,,,,,2-Jun-15
171362,6-May-15,11:30:00 AM,PRW INTAKE [311],Grab,TOC_5310C,MG/L,10,,,,,2-Jun-15
171387,7-May-15,10:00:00 AM,PRW INTAKE [311],Grab,TOC_5310C,MG/L,9.7,,,,,2-Jun-15
171408,8-May-15,11:08:00 AM,PRW INTAKE [311],Grab,TOC_5310C,MG/L,10.2,,,,,2-Jun-15
171656,9-May-15,7:25:00 AM,PRW INTAKE [311],Grab,TOC_5310C,MG/L,10.4,,,,,2-Jun-15
171449,10-May-15,7:45:00 AM,PRW INTAKE [311],Grab,TOC_5310C,MG/L,10.6,,,,,4-Jun-15
171491,12-May-15,9:30:00 AM,PRW INTAKE [311],Grab,TOC_5310C,MG/L,8.96,,,,,4-Jun-15
171528,13-May-15,8:20:00 AM,PRW INTAKE [311],Grab,TOC_5310C,MG/L,9.04,,,,,4-Jun-15
171551,14-May-15,9:10:00 AM,PRW INTAKE [311],Grab,TOC_5310C,MG/L,9.14,,,,,9-Jun-15
171570,15-May-15,9:40:00 AM,PRW INTAKE [311],Grab,TOC_5310C,MG/L,9.33,,,,,9-Jun-15
171586,16-May-15,3:20:00 PM,PRW INTAKE [311],Grab,TOC_5310C,MG/L,7.36,,,,,9-Jun-15
171630,17-May-15,11:30:00 AM,PRW INTAKE [311],Grab,TOC_5310C,MG/L,7.33,,,,,9-Jun-15
171631,18-May-15,8:35:00 AM,PRW INTAKE [311],Grab,TOC_5310C,MG/L,9.33,,,,,9-Jun-15
171649,19-May-15,10:40:00 AM,PRW INTAKE [311],Grab,TOC_5310C,MG/L,9.33,,,,,9-Jun-15
171676,20-May-15,10:40:00 AM,PRW INTAKE [311],Grab,TOC_5310C,MG/L,9.12,,,,,9-Jun-15
171733,21-May-15,9:40:00 AM,PRW INTAKE [311],Grab,TOC_5310C,MG/L,9.02,,,,,9-Jun-15
171794,22-May-15,8:40:00 AM,PRW INTAKE [311],Grab,TOC_5310C,MG/L,8.23,,,,,9-Jun-15
171817,23-May-15,7:45:00 AM,PRW INTAKE [311],Grab,TOC_5310C,MG/L,8.72,,,,,9-Jun-15
171835,24-May-15,9:30:00 AM,PRW INTAKE [311],Grab,TOC_5310C,MG/L,8.3,,,,,10-Jun-15
171863,25-May-15,10:15:00 AM,PRW INTAKE [311],Grab,TOC_5310C,MG/L,8.52,,,,,10-Jun-15
171879,26-May-15,11:43:00 AM,PRW INTAKE [311],Grab,TOC_5310C,MG/L,7.98,,,,,10-Jun-15
171902,27-May-15,9:55:00 AM,PRW INTAKE [311],Grab,TOC_5310C,MG/L,8.2,,,,,10-Jun-15
171917,28-May-15,9:15:00 AM,PRW INTAKE [311],Grab,TOC_5310C,MG/L,9.16,,,,,10-Jun-15
171947,29-May-15,9:22:00 AM,PRW INTAKE [311],Grab,TOC_5310C,MG/L,8.68,,,,,10-Jun-15
172020,30-May-15,11:30:00 AM,PRW INTAKE [311],Grab,TOC_5310C,MG/L,8.34,,,,,10-Jun-15
172021,31-May-15,11:30:00 AM,PRW INTAKE [311],Grab,TOC_5310C,MG/L,8.76,,,,,10-Jun-15
172029,1-Jun-15,11:00:00 AM,PRW INTAKE [311],Grab,TOC_5310C,MG/L,9.45,,,,,10-Jun-15
172054,2-Jun-15,10:21:00 AM,PRW INTAKE [311],Grab,TOC_5310C,MG/L,10.4,,,,,10-Jun-15
172094,3-Jun-15,9:50:00 AM,PRW INTAKE [311],Grab,TOC_5310C,MG/L,10.5,,,,,10-Jun-15
172118,4-Jun-15,8:50:00 AM,PRW INTAKE [311],Grab,TOC_5310C,MG/L,10,,,,,10-Jun-15
172146,5-Jun-15,8:30:00 AM,PRW INTAKE [311],Grab,TOC_5310C,MG/L,9.97,,,,,10-Jun-15
172170,6-Jun-15,9:35:00 AM,PRW INTAKE [311],Grab,TOC_5310C,MG/L,8.96,,,,,10-Jun-15
172188,7-Jun-15,9:00:00 AM,PRW INTAKE [311],Grab,TOC_5310C,MG/L,9.53,,,,,10-Jun-15
172201,8-Jun-15,8:45:00 AM,PRW INTAKE [311],Grab,TOC_5310C,MG/L,8.7,,,,,10-Jun-15
172232,9-Jun-15,8:50:00 AM,PRW INTAKE [311],Grab,TOC_5310C,MG/L,8.74,,,,,15-Jun-15
172269,10-Jun-15,8:35:00 AM,PRW INTAKE [311],Grab,TOC_5310C,MG/L,8.97,,,,,15-Jun-15
172302,11-Jun-15,11:20:00 AM,PRW INTAKE [311],Grab,TOC_5310C,MG/L,8.94,,,,,15-Jun-15
172381,15-Jun-15,1:45:00 PM,PRW INTAKE [311],Grab,TOC_5310C,MG/L,7.66,,,,,17-Jun-15
172418,16-Jun-15,11:25:00 AM,PRW INTAKE [311],Grab,TOC_5310C,MG/L,7.69,,,,,17-Jun-15
172453,17-Jun-15,10:00:00 AM,PRW INTAKE [311],Grab,TOC_5310C,MG/L,7.48,,,,,25-Jun-15
172483,18-Jun-15,8:45:00 AM,PRW INTAKE [311],Grab,TOC_5310C,MG/L,7.3,,,,,25-Jun-15
172511,19-Jun-15,3:17:00 PM,PRW INTAKE [311],Grab,TOC_5310C,MG/L,7.06,,,,,25-Jun-15
172536,20-Jun-15,10:00:00 AM,PRW INTAKE [311],Grab,TOC_5310C,MG/L,6.8,,,,,25-Jun-15
172557,21-Jun-15,9:35:00 AM,PRW INTAKE [311],Grab,TOC_5310C,MG/L,6.51,,,,,25-Jun-15
172587,22-Jun-15,11:59:00 AM,PRW INTAKE [311],Grab,TOC_5310C,MG/L,6.28,,,,,25-Jun-15
172619,23-Jun-15,9:45:00 AM,PRW INTAKE [311],Grab,TOC_5310C,MG/L,6.07,,,,,25-Jun-15
172656,24-Jun-15,11:55:00 AM,PRW INTAKE [311],Grab,TOC_5310C,MG/L,5.94,,,,,25-Jun-15
172683,25-Jun-15,10:50:00 AM,PRW INTAKE [311],Grab,TOC_5310C,MG/L,5.76,,,,,10-Jul-15
172716,26-Jun-15,12:15:00 PM,PRW INTAKE [311],Grab,TOC_5310C,MG/L,5.4,,,,,10-Jul-15
172782,27-Jun-15,11:00:00 AM,PRW INTAKE [311],Grab,TOC_5310C,MG/L,4.94,,,,,10-Jul-15
172783,28-Jun-15,11:00:00 AM,PRW INTAKE [311],Grab,TOC_5310C,MG/L,4.82,,,,,10-Jul-15
172803,29-Jun-15,2:30:00 PM,PRW INTAKE [311],Grab,TOC_5310C,MG/L,4.81,,,,,10-Jul-15
177081,4-Apr-16,9:12:00 AM,PRW INTAKE [311],Grab,TOC_5310C,MG/L,5.29,,,,,18-Apr-16
177110,5-Apr-16,9:15:00 AM,PRW INTAKE [311],Grab,TOC_5310C,MG/L,5.1,,,,,18-Apr-16
177146,6-Apr-16,11:30:00 AM,PRW INTAKE [311],Grab,TOC_5310C,MG/L,5.57,,,,,18-Apr-16
177171,7-Apr-16,10:40:00 AM,PRW INTAKE [311],Grab,TOC_5310C,MG/L,5.74,,,,,20-Apr-16
177192,8-Apr-16,11:00:00 AM,PRW INTAKE [311],Grab,TOC_5310C,MG/L,5.8,,,,,20-Apr-16
177210,9-Apr-16,10:30:00 AM,PRW INTAKE [311],Grab,TOC_5310C,MG/L,5.92,,,,,20-Apr-16
177226,10-Apr-16,9:45:00 AM,PRW INTAKE [311],Grab,TOC_5310C,MG/L,6.02,,,,,20-Apr-16
177274,12-Apr-16,12:25:00 PM,PRW INTAKE [311],Grab,TOC_5310C,MG/L,6.24,,,,,20-Apr-16
177296,13-Apr-16,11:40:00 AM,PRW INTAKE [311],Grab,TOC_5310C,MG/L,6.44,,,,,20-Apr-16
177328,14-Apr-16,3:45:00 AM,PRW INTAKE [311],Grab,TOC_5310C,MG/L,6.4,,,,,20-Apr-16
177353,15-Apr-16,8:30:00 AM,PRW INTAKE [311],Grab,TOC_5310C,MG/L,6.71,,,,,22-Apr-16
177370,16-Apr-16,10:40:00 AM,PRW INTAKE [311],Grab,TOC_5310C,MG/L,6.21,,,,,27-Apr-16
177390,17-Apr-16,12:40:00 PM,PRW INTAKE [311],Grab,TOC_5310C,MG/L,6,,,,,27-Apr-16
177421,18-Apr-16,2:00:00 PM,PRW INTAKE [311],Grab,TOC_5310C,MG/L,6.32,,,,,27-Apr-16
177438,19-Apr-16,10:15:00 AM,PRW INTAKE [311],Grab,TOC_5310C,MG/L,6.23,,,,,27-Apr-16
177463,20-Apr-16,8:30:00 AM,PRW INTAKE [311],Grab,TOC_5310C,MG/L,6.28,,,,,27-Apr-16
177488,21-Apr-16,12:34:00 PM,PRW INTAKE [311],Grab,TOC_5310C,MG/L,6.7,,,,,27-Apr-16
177513,22-Apr-16,9:55:00 AM,PRW INTAKE [311],Grab,TOC_5310C,MG/L,7.06,,,,,29-Apr-16
177530,23-Apr-16,10:30:00 AM,PRW INTAKE [311],Grab,TOC_5310C,MG/L,7.56,,,,,29-Apr-16
177553,24-Apr-16,11:10:00 AM,PRW INTAKE [311],Grab,TOC_5310C,MG/L,7.99,,,,,2-May-16
177570,25-Apr-16,11:10:00 AM,PRW INTAKE [311],Grab,TOC_5310C,MG/L,7.54,,,,,2-May-16
177604,26-Apr-16,9:45:00 AM,PRW INTAKE [311],Grab,TOC_5310C,MG/L,7.62,,,,,2-May-16
177677,27-Apr-16,8:05:00 AM,PRW INTAKE [311],Grab,TOC_5310C,MG/L,8.1,,,,,2-May-16
177653,28-Apr-16,10:30:00 AM,PRW INTAKE [311],Grab,TOC_5310C,MG/L,7.98,,,,,2-May-16
177676,29-Apr-16,1:00:00 PM,PRW INTAKE [311],Grab,TOC_5310C,MG/L,7.72,,,,,2-May-16
177793,30-Apr-16,10:30:00 AM,PRW INTAKE [311],Grab,TOC_5310C,MG/L,7.18,,,,,11-May-16
177721,2-May-16,10:40:00 AM,PRW INTAKE [311],Grab,TOC_5310C,MG/L,6.78,,,,,11-May-16
177747,3-May-16,9:45:00 AM,PRW INTAKE [311],Grab,TOC_5310C,MG/L,7.75,,,,,11-May-16
177769,4-May-16,8:00:00 AM,PRW INTAKE [311],Grab,TOC_5310C,MG/L,7.74,,,,,11-May-16
177773,4-May-16,9:36:00 AM,PRW INTAKE [311],Grab,TOC_5310C,MG/L,7.74,,,,,11-May-16
177792,5-May-16,10:25:00 AM,PRW INTAKE [311],Grab,TOC_5310C,MG/L,8.05,,,,,11-May-16
177803,6-May-16,9:29:00 AM,PRW INTAKE [311],Grab,TOC_5310C,MG/L,7.88,,,,,18-May-16
177821,7-May-16,10:43:00 AM,PRW INTAKE [311],Grab,TOC_5310C,MG/L,8.24,,,,,18-May-16
177837,8-May-16,3:20:00 PM,PRW INTAKE [311],Grab,TOC_5310C,MG/L,10.1,,,,,18-May-16
177851,9-May-16,9:00:00 AM,PRW INTAKE [311],Grab,TOC_5310C,MG/L,9.88,,,,,18-May-16
177884,10-May-16,10:15:00 AM,PRW INTAKE [311],Grab,TOC_5310C,MG/L,10.2,,,,,18-May-16
177905,11-May-16,8:45:00 AM,PRW INTAKE [311],Grab,TOC_5310C,MG/L,9.69,,,,,18-May-16
178008,12-May-16,6:00:00 PM,PRW INTAKE [311],Grab,TOC_5310C,MG/L,10,,,,,18-May-16
177952,13-May-16,10:00:00 AM,PRW INTAKE [311],Grab,TOC_5310C,MG/L,9.42,,,,,18-May-16
177969,14-May-16,10:00:00 AM,PRW INTAKE [311],Grab,TOC_5310C,MG/L,9.3,,,,,18-May-16
177991,15-May-16,8:40:00 AM,PRW INTAKE [311],Grab,TOC_5310C,MG/L,9.77,,,,,18-May-16
178002,16-May-16,8:30:00 AM,PRW INTAKE [311],Grab,TOC_5310C,MG/L,10.9,,,,,25-May-16
178031,17-May-16,11:15:00 AM,PRW INTAKE [311],Grab,TOC_5310C,MG/L,10.9,,,,,18-May-16
178049,18-May-16,11:00:00 AM,PRW INTAKE [311],Grab,TOC_5310C,MG/L,10.9,,,,,25-May-16
178068,19-May-16,10:26:00 AM,PRW INTAKE [311],Grab,TOC_5310C,MG/L,9.96,,,,,25-May-16
178086,20-May-16,10:05:00 AM,PRW INTAKE [311],Grab,TOC_5310C,MG/L,9.82,,,,,26-May-16
178105,21-May-16,10:45:00 AM,PRW INTAKE [311],Grab,TOC_5310C,MG/L,10.3,,,,,26-May-16
178122,22-May-16,11:40:00 AM,PRW INTAKE [311],Grab,TOC_5310C,MG/L,11,,,,,26-May-16
178146,23-May-16,8:23:00 AM,PRW INTAKE [311],Grab,TOC_5310C,MG/L,11,,,,,26-May-16
178162,24-May-16,10:22:00 AM,PRW INTAKE [311],Grab,TOC_5310C,MG/L,11,,,,,26-May-16
178190,25-May-16,8:45:00 AM,PRW INTAKE [311],Grab,TOC_5310C,MG/L,10.7,,,,,26-May-16
178208,26-May-16,9:48:00 AM,PRW INTAKE [311],Grab,TOC_5310C,MG/L,10.2,,,,,31-May-16
178227,27-May-16,10:15:00 AM,PRW INTAKE [311],Grab,TOC_5310C,MG/L,9.78,,,,,31-May-16
178244,28-May-16,11:20:00 AM,PRW INTAKE [311],Grab,TOC_5310C,MG/L,9.18,,,,,3-Jun-16
178256,29-May-16,9:30:00 AM,PRW INTAKE [311],Grab,TOC_5310C,MG/L,9.04,,,,,3-Jun-16
178279,30-May-16,9:50:00 AM,PRW INTAKE [311],Grab,TOC_5310C,MG/L,9.32,,,,,3-Jun-16
178309,31-May-16,10:30:00 AM,PRW INTAKE [311],Grab,TOC_5310C,MG/L,9.34,,,,,3-Jun-16
178329,1-Jun-16,8:35:00 AM,PRW INTAKE [311],Grab,TOC_5310C,MG/L,9.86,,,,,9-Jun-16
178349,2-Jun-16,2:18:00 PM,PRW INTAKE [311],Grab,TOC_5310C,MG/L,10,,,,,9-Jun-16
178367,3-Jun-16,12:29:00 PM,PRW INTAKE [311],Grab,TOC_5310C,MG/L,10,,,,,9-Jun-16
178387,4-Jun-16,11:00:00 AM,PRW INTAKE [311],Grab,TOC_5310C,MG/L,10.4,,,,,9-Jun-16
178408,5-Jun-16,10:43:00 AM,PRW INTAKE [311],Grab,TOC_5310C,MG/L,11,,,,,9-Jun-16
178427,6-Jun-16,8:30:00 AM,PRW INTAKE [311],Grab,TOC_5310C,MG/L,10.6,,,,,9-Jun-16
178458,7-Jun-16,9:48:00 AM,PRW INTAKE [311],Grab,TOC_5310C,MG/L,11,,,,,9-Jun-16
178480,8-Jun-16,7:45:00 AM,PRW INTAKE [311],Grab,TOC_5310C,MG/L,10.6,,,,,9-Jun-16
178500,9-Jun-16,7:40:00 AM,PRW INTAKE [311],Grab,TOC_5310C,MG/L,9.84,,,,,29-Jun-16
178513,10-Jun-16,8:10:00 AM,PRW INTAKE [311],Grab,TOC_5310C,MG/L,9.64,,,,,29-Jun-16
178577,11-Jun-16,7:46:00 AM,PRW INTAKE [311],Grab,TOC_5310C,MG/L,9.84,,,,,29-Jun-16
178568,13-Jun-16,10:40:00 AM,PRW INTAKE [311],Grab,TOC_5310C,MG/L,9.54,,,,,23-Jun-16
178612,14-Jun-16,11:00:00 AM,PRW INTAKE [311],Grab,TOC_5310C,MG/L,9.33,,,,,23-Jun-16
178632,15-Jun-16,8:10:00 AM,PRW INTAKE [311],Grab,TOC_5310C,MG/L,8.87,,,,,24-Jun-16
178654,16-Jun-16,10:15:00 AM,PRW INTAKE [311],Grab,TOC_5310C,MG/L,8.17,,,,,24-Jun-16
178676,17-Jun-16,10:00:00 AM,PRW INTAKE [311],Grab,TOC_5310C,MG/L,7.94,,,,,24-Jun-16
178695,18-Jun-16,8:40:00 AM,PRW INTAKE [311],Grab,TOC_5310C,MG/L,7.84,,,,,28-Jun-16
178714,19-Jun-16,8:11:00 AM,PRW INTAKE [311],Grab,TOC_5310C,MG/L,7.44,,,,,28-Jun-16
178742,20-Jun-16,9:45:00 AM,PRW INTAKE [311],Grab,TOC_5310C,MG/L,7.1,,,,,28-Jun-16
178766,21-Jun-16,10:51:00 AM,PRW INTAKE [311],Grab,TOC_5310C,MG/L,7.04,,,,,28-Jun-16
178794,22-Jun-16,10:30:00 AM,PRW INTAKE [311],Grab,TOC_5310C,MG/L,6.53,,,,,28-Jun-16
178824,23-Jun-16,12:32:00 PM,PRW INTAKE [311],Grab,TOC_5310C,MG/L,6.34,,,,,28-Jun-16
178844,24-Jun-16,9:51:00 AM,PRW INTAKE [311],Grab,TOC_5310C,MG/L,5.98,,,,,29-Jun-16
178860,25-Jun-16,9:05:00 AM,PRW INTAKE [311],Grab,TOC_5310C,MG/L,5.7,,,,,29-Jun-16
178882,26-Jun-16,8:10:00 AM,PRW INTAKE [311],Grab,TOC_5310C,MG/L,5.56,,,,,29-Jun-16
178910,27-Jun-16,12:00:00 PM,PRW INTAKE [311],Grab,TOC_5310C,MG/L,5.15,,,,,1-Jul-16
178931,28-Jun-16,11:46:00 AM,PRW INTAKE [311],Grab,TOC_5310C,MG/L,5.06,,,,,1-Jul-16
178958,29-Jun-16,10:30:00 AM,PRW INTAKE [311],Grab,TOC_5310C,MG/L,4.8,,,,,6-Jul-16
178980,30-Jun-16,9:46:00 AM,PRW INTAKE [311],Grab,TOC_5310C,MG/L,4.94,,,,,1-Jul-16
183434,18-Apr-17,3:00:00 PM,PRW INTAKE [311],Grab,TOC_5310C,MG/L,7.75,,,,,26-Apr-17
183449,19-Apr-17,11:20:00 AM,PRW INTAKE [311],Grab,TOC_5310C,MG/L,8.26,,,,,26-Apr-17
183467,20-Apr-17,9:27:00 AM,PRW INTAKE [311],Grab,TOC_5310C,MG/L,8.87,,,,,26-Apr-17
183489,21-Apr-17,2:02:00 PM,PRW INTAKE [311],Grab,TOC_5310C,MG/L,8.24,,,,,24-Apr-17
183506,22-Apr-17,2:50:00 PM,PRW INTAKE [311],Grab,TOC_5310C,MG/L,7.65,,,,,5-May-17
183519,23-Apr-17,11:45:00 AM,PRW INTAKE [311],Grab,TOC_5310C,MG/L,7.5,,,,,5-May-17
183537,24-Apr-17,8:45:00 AM,PRW INTAKE [311],Grab,TOC_5310C,MG/L,7.39,,,,,5-May-17
183553,25-Apr-17,1:00:00 PM,PRW INTAKE [311],Grab,TOC_5310C,MG/L,7.3,,,,,5-May-17
183570,26-Apr-17,8:45:00 AM,PRW INTAKE [311],Grab,TOC_5310C,MG/L,7.22,,,,,5-May-17
183588,27-Apr-17,1:40:00 PM,PRW INTAKE [311],Grab,TOC_5310C,MG/L,6.86,,,,,5-May-17
183611,28-Apr-17,2:00:00 PM,PRW INTAKE [311],Grab,TOC_5310C,MG/L,6.54,,,,,5-May-17
183642,29-Apr-17,2:15:00 PM,PRW INTAKE [311],Grab,TOC_5310C,MG/L,6.14,,,,,8-May-17
183646,30-Apr-17,2:15:00 PM,PRW INTAKE [311],Grab,TOC_5310C,MG/L,5.9,,,,,8-May-17
183666,1-May-17,10:30:00 AM,PRW INTAKE [311],Grab,TOC_5310C,MG/L,5.82,,,,,9-May-17
183683,2-May-17,9:00:00 AM,PRW INTAKE [311],Grab,TOC_5310C,MG/L,5.93,,,,,9-May-17
183703,3-May-17,11:05:00 AM,PRW INTAKE [311],Grab,TOC_5310C,MG/L,5.91,,,,,9-May-17
183721,4-May-17,2:15:00 PM,PRW INTAKE [311],Grab,TOC_5310C,MG/L,5.84,,,,,9-May-17
183743,5-May-17,10:37:00 AM,PRW INTAKE [311],Grab,TOC_5310C,MG/L,5.78,,,,,9-May-17
183762,6-May-17,12:45:00 PM,PRW INTAKE [311],Grab,TOC_5310C,MG/L,6.28,,,,,9-May-17
183780,7-May-17,10:30:00 AM,PRW INTAKE [311],Grab,TOC_5310C,MG/L,7.19,,,,,15-May-17
183797,8-May-17,10:41:00 AM,PRW INTAKE [311],Grab,TOC_5310C,MG/L,8.94,,,,,15-May-17
183819,9-May-17,9:42:00 AM,PRW INTAKE [311],Grab,TOC_5310C,MG/L,6.54,,,,,9-May-17
183861,10-May-17,8:02:00 AM,PRW INTAKE [311],Grab,TOC_5310C,MG/L,9.43,,,,,11-May-17
183876,11-May-17,8:05:00 AM,PRW INTAKE [311],Grab,TOC_5310C,MG/L,9.85,,,,,25-May-17
183906,12-May-17,7:49:00 AM,PRW INTAKE [311],Grab,TOC_5310C,MG/L,9.9,,,,,15-May-17
183956,13-May-17,9:15:00 AM,PRW INTAKE [311],Grab,TOC_5310C,MG/L,10.2,,,,,25-May-17
183959,14-May-17,10:30:00 AM,PRW INTAKE [311],Grab,TOC_5310C,MG/L,10.7,,,,,25-May-17
183971,15-May-17,12:10:00 PM,PRW INTAKE [311],Grab,TOC_5310C,MG/L,10.6,,,,,25-May-17
183987,16-May-17,7:50:00 AM,PRW INTAKE [311],Grab,TOC_5310C,MG/L,10.8,,,,,16-May-17
184018,17-May-17,7:48:00 AM,PRW INTAKE [311],Grab,TOC_5310C,MG/L,9.75,,,,,25-May-17
184040,18-May-17,10:44:00 AM,PRW INTAKE [311],Grab,TOC_5310C,MG/L,8.69,,,,,25-May-17
184104,19-May-17,3:26:00 PM,PRW INTAKE [311],Grab,TOC_5310C,MG/L,8.6,,,,,25-May-17
184134,20-May-17,9:00:00 AM,PRW INTAKE [311],Grab,TOC_5310C,MG/L,8.28,,,,,25-May-17
184105,22-May-17,10:40:00 AM,PRW INTAKE [311],Grab,TOC_5310C,MG/L,9.52,,,,,25-May-17
184122,23-May-17,10:40:00 AM,PRW INTAKE [311],Grab,TOC_5310C,MG/L,10.2,,,,,25-May-17
184141,24-May-17,12:37:00 PM,PRW INTAKE [311],Grab,TOC_5310C,MG/L,9.7,,,,,31-May-17
184172,25-May-17,3:55:00 PM,PRW INTAKE [311],Grab,TOC_5310C,MG/L,10.9,,,,,31-May-17
184175,26-May-17,10:25:00 AM,PRW INTAKE [311],Grab,TOC_5310C,MG/L,10.7,,,,,31-May-17
184205,27-May-17,10:00:00 AM,PRW INTAKE [311],Grab,TOC_5310C,MG/L,10.6,,,,,6-Jun-17
184222,28-May-17,7:34:00 AM,PRW INTAKE [311],Grab,TOC_5310C,MG/L,10,,,,,6-Jun-17
184244,29-May-17,8:15:00 AM,PRW INTAKE [311],Grab,TOC_5310C,MG/L,9.5,,,,,6-Jun-17
184276,30-May-17,10:32:00 AM,PRW INTAKE [311],Grab,TOC_5310C,MG/L,8.99,,,,,6-Jun-17
184290,31-May-17,11:17:00 AM,PRW INTAKE [311],Grab,TOC_5310C,MG/L,8.76,,,,,6-Jun-17
184307,1-Jun-17,12:01:00 PM,PRW INTAKE [311],Grab,TOC_5310C,MG/L,8.74,,,,,7-Jun-17
184335,2-Jun-17,9:44:00 AM,PRW INTAKE [311],Grab,TOC_5310C,MG/L,8.78,,,,,7-Jun-17
184351,3-Jun-17,7:44:00 AM,PRW INTAKE [311],Grab,TOC_5310C,MG/L,8.83,,,,,7-Jun-17
184371,4-Jun-17,7:40:00 AM,PRW INTAKE [311],Grab,TOC_5310C,MG/L,9.08,,,,,7-Jun-17
184397,5-Jun-17,9:30:00 AM,PRW INTAKE [311],Grab,TOC_5310C,MG/L,10.2,,,,,7-Jun-17
184451,6-Jun-17,9:30:00 AM,PRW INTAKE [311],Grab,TOC_5310C,MG/L,8.87,,,,,13-Jun-17
184440,7-Jun-17,8:33:00 AM,PRW INTAKE [311],Grab,TOC_5310C,MG/L,9.05,,,,,13-Jun-17
184469,8-Jun-17,11:04:00 AM,PRW INTAKE [311],Grab,TOC_5310C,MG/L,8.88,,,,,13-Jun-17
184494,9-Jun-17,11:00:00 AM,PRW INTAKE [311],Grab,TOC_5310C,MG/L,9.35,,,,,13-Jun-17
184512,10-Jun-17,9:20:00 AM,PRW INTAKE [311],Grab,TOC_5310C,MG/L,8.4,,,,,28-Jun-17
184522,11-Jun-17,9:30:00 AM,PRW INTAKE [311],Grab,TOC_5310C,MG/L,9.07,,,,,28-Jun-17
184555,12-Jun-17,10:50:00 AM,PRW INTAKE [311],Grab,TOC_5310C,MG/L,7.4,,,,,28-Jun-17
184585,13-Jun-17,1:42:00 PM,PRW INTAKE [311],Grab,TOC_5310C,MG/L,7.99,,,,,28-Jun-17
184602,14-Jun-17,9:15:00 AM,PRW INTAKE [311],Grab,TOC_5310C,MG/L,7.17,,,,,28-Jun-17
184646,16-Jun-17,11:00:00 AM,PRW INTAKE [311],Grab,TOC_5310C,MG/L,7.27,,,,,29-Jun-17
184671,17-Jun-17,10:49:00 AM,PRW INTAKE [311],Grab,TOC_5310C,MG/L,6.97,,,,,29-Jun-17
184690,18-Jun-17,10:21:00 AM,PRW INTAKE [311],Grab,TOC_5310C,MG/L,6.58,,,,,29-Jun-17
184718,19-Jun-17,1:47:00 PM,PRW INTAKE [311],Grab,TOC_5310C,MG/L,7.21,,,,,29-Jun-17
184733,20-Jun-17,11:38:00 AM,PRW INTAKE [311],Grab,TOC_5310C,MG/L,6.35,,,,,29-Jun-17
184757,21-Jun-17,8:08:00 AM,PRW INTAKE [311],Grab,TOC_5310C,MG/L,6.43,,,,,29-Jun-17
184777,22-Jun-17,10:35:00 AM,PRW INTAKE [311],Grab,TOC_5310C,MG/L,5.82,,,,,29-Jun-17
184806,23-Jun-17,8:32:00 AM,PRW INTAKE [311],Grab,TOC_5310C,MG/L,5.66,,,,,29-Jun-17
184818,24-Jun-17,7:15:00 PM,PRW INTAKE [311],Grab,TOC_5310C,MG/L,5.48,,,,,29-Jun-17
184844,25-Jun-17,10:46:00 AM,PRW INTAKE [311],Grab,TOC_5310C,MG/L,5.33,,,,,30-Jun-17
184875,26-Jun-17,9:49:00 AM,PRW INTAKE [311],Grab,TOC_5310C,MG/L,4.96,,,,,30-Jun-17
184900,27-Jun-17,1:21:00 PM,PRW INTAKE [311],Grab,TOC_5310C,MG/L,4.86,,,,,30-Jun-17
184918,28-Jun-17,10:01:00 AM,PRW INTAKE [311],Grab,TOC_5310C,MG/L,4.92,,,,,3-Jul-17
184939,29-Jun-17,10:15:00 AM,PRW INTAKE [311],Grab,TOC_5310C,MG/L,4.6,,,,,3-Jul-17
184960,30-Jun-17,9:19:00 AM,PRW INTAKE [311],Grab,TOC_5310C,MG/L,4.76,,,,,3-Jul-17
